TripID,RouteID,ServiceID,DirectionID,Headsign,StartStopName,EndStopName,DepartureSeconds,ArrivalSeconds,DepartureTime,ArrivalTime,Duration_s,Distance_m,StopCount,SegmentCount,CourseIndex,BusIndex,NextAvailableSeconds
27-N1-2-B-034901,N1,27_SEMAINE,0,POLE JULES VERNE,Etouvie Quai A,Pôle J. Verne,13741,16140,2026-04-08 03:49:01,2026-04-08 04:29:00,2399.0,12337.786655320606,35,34,1,1,16440.0
27-N1-2-B-043600,N1,27_SEMAINE,1,ETOUVIE,Pôle J. Verne,Etouvie Quai A,16560,19080,2026-04-08 04:36:00,2026-04-08 05:18:00,2520.0,12558.4284920604,37,36,4,1,19380.0
27-N1-8-B-052600,N1,27_SEMAINE,1,ETOUVIE,Pôle J. Verne,Etouvie Quai A,19560,22200,2026-04-08 05:26:00,2026-04-08 06:10:00,2640.0,12558.4284920604,37,36,8,1,22500.0
27-N1-8-B-061900,N1,27_SEMAINE,0,POLE JULES VERNE,Etouvie Quai A,Pôle J. Verne,22740,25560,2026-04-08 06:19:00,2026-04-08 07:06:00,2820.0,12337.786655320606,35,34,13,1,25860.0
27-N1-16-B-071601,N1,27_SEMAINE,0,POLE JULES VERNE,Etouvie Quai A,Pôle J. Verne,26161,29520,2026-04-08 07:16:01,2026-04-08 08:12:00,3359.0,12337.786655320606,35,34,22,1,29820.0
27-N1-16-B-082000,N1,27_SEMAINE,1,ETOUVIE,Pôle J. Verne,Etouvie Quai A,30000,33600,2026-04-08 08:20:00,2026-04-08 09:20:00,3600.0,12558.4284920604,37,36,33,1,33900.0
27-N1-16-B-093200,N1,27_SEMAINE,0,POLE JULES VERNE,Etouvie Quai A,Pôle J. Verne,34320,37500,2026-04-08 09:32:00,2026-04-08 10:25:00,3180.0,12337.786655320606,35,34,44,1,37800.0
27-N1-16-B-103500,N1,27_SEMAINE,1,ETOUVIE,Pôle J. Verne,Etouvie Quai A,38100,41400,2026-04-08 10:35:00,2026-04-08 11:30:00,3300.0,12558.4284920604,37,36,55,1,41700.0
27-N1-16-B-114700,N1,27_SEMAINE,0,POLE JULES VERNE,Etouvie Quai A,Pôle J. Verne,42420,45600,2026-04-08 11:47:00,2026-04-08 12:40:00,3180.0,12337.786655320606,35,34,66,1,45900.0
27-N1-16-B-125000,N1,27_SEMAINE,1,ETOUVIE,Pôle J. Verne,Etouvie Quai A,46200,49500,2026-04-08 12:50:00,2026-04-08 13:45:00,3300.0,12558.4284920604,37,36,77,1,49800.0
27-N1-16-B-140200,N1,27_SEMAINE,0,POLE JULES VERNE,Etouvie Quai A,Pôle J. Verne,50520,53640,2026-04-08 14:02:00,2026-04-08 14:54:00,3120.0,12337.786655320606,35,34,88,1,53940.0
27-N1-16-B-150400,N1,27_SEMAINE,1,ETOUVIE,Pôle J. Verne,Etouvie Quai A,54240,57540,2026-04-08 15:04:00,2026-04-08 15:59:00,3300.0,12558.4284920604,37,36,99,1,57840.0
27-N1-16-B-161000,N1,27_SEMAINE,0,POLE JULES VERNE,Etouvie Quai A,Pôle J. Verne,58200,61740,2026-04-08 16:10:00,2026-04-08 17:09:00,3540.0,12337.786655320606,35,34,110,1,62040.0
27-N1-16-B-171800,N1,27_SEMAINE,1,ETOUVIE,Pôle J. Verne,Etouvie Quai A,62280,66120,2026-04-08 17:18:00,2026-04-08 18:22:00,3840.0,12558.4284920604,37,36,121,1,66420.0
27-N1-16-B-183300,N1,27_SEMAINE,0,POLE JULES VERNE,Etouvie Quai A,Pôle J. Verne,66780,69900,2026-04-08 18:33:00,2026-04-08 19:25:00,3120.0,12337.786655320606,35,34,132,1,70200.0
27-N1-18-B-203100,N1,27_SEMAINE,0,POLE JULES VERNE,Etouvie Quai A,Pôle J. Verne,73860,76560,2026-04-08 20:31:00,2026-04-08 21:16:00,2700.0,12337.786655320606,35,34,143,1,76860.0
27-N1-4-B-035101,N1,27_SEMAINE,1,ETOUVIE,Pôle J. Verne,Etouvie Quai A,13861,16380,2026-04-08 03:51:01,2026-04-08 04:33:00,2519.0,12558.4284920604,37,36,2,2,16680.0
27-N1-4-B-045700,N1,27_SEMAINE,0,POLE JULES VERNE,Etouvie Quai A,Pôle J. Verne,17820,20340,2026-04-08 04:57:00,2026-04-08 05:39:00,2520.0,12337.786655320606,35,34,5,2,20640.0
27-N1-9-B-055501,N1,27_SEMAINE,1,ETOUVIE,Pôle J. Verne,Etouvie Quai A,21301,24000,2026-04-08 05:55:01,2026-04-08 06:40:00,2699.0,12558.4284920604,37,36,10,2,24300.0
27-N1-6-B-064501,N1,27_SEMAINE,0,POLE JULES VERNE,Etouvie Quai A,Pôle J. Verne,24301,27240,2026-04-08 06:45:01,2026-04-08 07:34:00,2939.0,12337.786655320606,35,34,16,2,27540.0
27-N1-17-B-073901,N1,27_SEMAINE,0,POLE JULES VERNE,Etouvie Quai A,Pôle J. Verne,27541,30960,2026-04-08 07:39:01,2026-04-08 08:36:00,3419.0,12337.786655320606,35,34,26,2,31260.0
27-N1-17-B-084600,N1,27_SEMAINE,1,ETOUVIE,Pôle J. Verne,Etouvie Quai A,31560,34980,2026-04-08 08:46:00,2026-04-08 09:43:00,3420.0,12558.4284920604,37,36,37,2,35280.0
27-N1-17-B-095600,N1,27_SEMAINE,0,POLE JULES VERNE,Etouvie Quai A,Pôle J. Verne,35760,38880,2026-04-08 09:56:00,2026-04-08 10:48:00,3120.0,12337.786655320606,35,34,48,2,39180.0
27-N1-17-B-110100,N1,27_SEMAINE,1,ETOUVIE,Pôle J. Verne,Etouvie Quai A,39660,42960,2026-04-08 11:01:00,2026-04-08 11:56:00,3300.0,12558.4284920604,37,36,59,2,43260.0
27-N1-17-B-121100,N1,27_SEMAINE,0,POLE JULES VERNE,Etouvie Quai A,Pôle J. Verne,43860,47040,2026-04-08 12:11:00,2026-04-08 13:04:00,3180.0,12337.786655320606,35,34,70,2,47340.0
27-N1-17-B-131500,N1,27_SEMAINE,1,ETOUVIE,Pôle J. Verne,Etouvie Quai A,47700,51000,2026-04-08 13:15:00,2026-04-08 14:10:00,3300.0,12558.4284920604,37,36,81,2,51300.0
27-N1-17-B-142700,N1,27_SEMAINE,0,POLE JULES VERNE,Etouvie Quai A,Pôle J. Verne,52020,55140,2026-04-08 14:27:00,2026-04-08 15:19:00,3120.0,12337.786655320606,35,34,92,2,55440.0
27-N1-17-B-152700,N1,27_SEMAINE,1,ETOUVIE,Pôle J. Verne,Etouvie Quai A,55620,59100,2026-04-08 15:27:00,2026-04-08 16:25:00,3480.0,12558.4284920604,37,36,103,2,59400.0
27-N1-17-B-163400,N1,27_SEMAINE,0,POLE JULES VERNE,Etouvie Quai A,Pôle J. Verne,59640,63180,2026-04-08 16:34:00,2026-04-08 17:33:00,3540.0,12337.786655320606,35,34,114,2,63480.0
27-N1-17-B-174200,N1,27_SEMAINE,1,ETOUVIE,Pôle J. Verne,Etouvie Quai A,63720,67320,2026-04-08 17:42:00,2026-04-08 18:42:00,3600.0,12558.4284920604,37,36,125,2,67620.0
27-N1-1-B-191400,N1,27_SEMAINE,0,POLE JULES VERNE,Etouvie Quai A,Pôle J. Verne,69240,72180,2026-04-08 19:14:00,2026-04-08 20:03:00,2940.0,12337.786655320606,35,34,136,2,72480.0
27-N1-18-B-213100,N1,27_SEMAINE,1,ETOUVIE,Pôle J. Verne,Etouvie Quai A,77460,80100,2026-04-08 21:31:00,2026-04-08 22:15:00,2640.0,12558.4284920604,37,36,147,2,80400.0
27-N1-8-B-042901,N1,27_SEMAINE,0,POLE JULES VERNE,Etouvie Quai A,Pôle J. Verne,16141,18540,2026-04-08 04:29:01,2026-04-08 05:09:00,2399.0,12337.786655320606,35,34,3,3,18840.0
27-N1-23-B-052000,N1,27_SEMAINE,0,POLE JULES VERNE,Etouvie Quai A,Pôle J. Verne,19200,21900,2026-04-08 05:20:00,2026-04-08 06:05:00,2700.0,12337.786655320606,35,34,7,3,22200.0
27-N1-23-B-061400,N1,27_SEMAINE,1,ETOUVIE,Pôle J. Verne,Etouvie Quai A,22440,25200,2026-04-08 06:14:00,2026-04-08 07:00:00,2760.0,12558.4284920604,37,36,12,3,25500.0
27-N1-13-B-070601,N1,27_SEMAINE,0,POLE JULES VERNE,Etouvie Quai A,Pôle J. Verne,25561,28860,2026-04-08 07:06:01,2026-04-08 08:01:00,3299.0,12337.786655320606,35,34,20,3,29160.0
27-N1-13-B-080800,N1,27_SEMAINE,1,ETOUVIE,Pôle J. Verne,Etouvie Quai A,29280,32820,2026-04-08 08:08:00,2026-04-08 09:07:00,3540.0,12558.4284920604,37,36,31,3,33120.0
27-N1-13-B-091900,N1,27_SEMAINE,0,POLE JULES VERNE,Etouvie Quai A,Pôle J. Verne,33540,36720,2026-04-08 09:19:00,2026-04-08 10:12:00,3180.0,12337.786655320606,35,34,42,3,37020.0
27-N1-13-B-102400,N1,27_SEMAINE,1,ETOUVIE,Pôle J. Verne,Etouvie Quai A,37440,40680,2026-04-08 10:24:00,2026-04-08 11:18:00,3240.0,12558.4284920604,37,36,53,3,40980.0
27-N1-13-B-113300,N1,27_SEMAINE,0,POLE JULES VERNE,Etouvie Quai A,Pôle J. Verne,41580,44820,2026-04-08 11:33:00,2026-04-08 12:27:00,3240.0,12337.786655320606,35,34,64,3,45120.0
27-N1-13-B-123800,N1,27_SEMAINE,1,ETOUVIE,Pôle J. Verne,Etouvie Quai A,45480,48780,2026-04-08 12:38:00,2026-04-08 13:33:00,3300.0,12558.4284920604,37,36,75,3,49080.0
27-N1-13-B-134900,N1,27_SEMAINE,0,POLE JULES VERNE,Etouvie Quai A,Pôle J. Verne,49740,52860,2026-04-08 13:49:00,2026-04-08 14:41:00,3120.0,12337.786655320606,35,34,86,3,53160.0
27-N1-13-B-145200,N1,27_SEMAINE,1,ETOUVIE,Pôle J. Verne,Etouvie Quai A,53520,56760,2026-04-08 14:52:00,2026-04-08 15:46:00,3240.0,12558.4284920604,37,36,97,3,57060.0
27-N1-13-B-160000,N1,27_SEMAINE,0,POLE JULES VERNE,Etouvie Quai A,Pôle J. Verne,57600,60840,2026-04-08 16:00:00,2026-04-08 16:54:00,3240.0,12337.786655320606,35,34,108,3,61140.0
27-N1-13-B-170400,N1,27_SEMAINE,1,ETOUVIE,Pôle J. Verne,Etouvie Quai A,61440,65340,2026-04-08 17:04:00,2026-04-08 18:09:00,3900.0,12558.4284920604,37,36,119,3,65640.0
27-N1-13-B-181800,N1,27_SEMAINE,0,POLE JULES VERNE,Etouvie Quai A,Pôle J. Verne,65880,69000,2026-04-08 18:18:00,2026-04-08 19:10:00,3120.0,12337.786655320606,35,34,130,3,69300.0
27-N1-6-B-200000,N1,27_SEMAINE,0,POLE JULES VERNE,Etouvie Quai A,Pôle J. Verne,72000,74760,2026-04-08 20:00:00,2026-04-08 20:46:00,2760.0,12337.786655320606,35,34,141,3,75060.0
27-N1-7-B-225600,N1,27_SEMAINE,1,ETOUVIE,Pôle J. Verne,Etouvie Quai A,82560,85080,2026-04-08 22:56:00,2026-04-08 23:38:00,2520.0,12558.4284920604,37,36,151,3,85380.0
27-N1-1-B-050101,N1,27_SEMAINE,1,ETOUVIE,Pôle J. Verne,Etouvie Quai A,18061,20700,2026-04-08 05:01:01,2026-04-08 05:45:00,2639.0,12558.4284920604,37,36,6,4,21000.0
27-N1-1-B-060000,N1,27_SEMAINE,0,POLE JULES VERNE,Etouvie Quai A,Pôle J. Verne,21600,24360,2026-04-08 06:00:00,2026-04-08 06:46:00,2760.0,12337.786655320606,35,34,11,4,24660.0
27-N1-12-B-065501,N1,27_SEMAINE,0,POLE JULES VERNE,Etouvie Quai A,Pôle J. Verne,24901,28140,2026-04-08 06:55:01,2026-04-08 07:49:00,3239.0,12337.786655320606,35,34,18,4,28440.0
27-N1-12-B-075600,N1,27_SEMAINE,1,ETOUVIE,Pôle J. Verne,Etouvie Quai A,28560,32100,2026-04-08 07:56:00,2026-04-08 08:55:00,3540.0,12558.4284920604,37,36,29,4,32400.0
27-N1-12-B-090700,N1,27_SEMAINE,0,POLE JULES VERNE,Etouvie Quai A,Pôle J. Verne,32820,36000,2026-04-08 09:07:00,2026-04-08 10:00:00,3180.0,12337.786655320606,35,34,40,4,36300.0
27-N1-12-B-101200,N1,27_SEMAINE,1,ETOUVIE,Pôle J. Verne,Etouvie Quai A,36720,39960,2026-04-08 10:12:00,2026-04-08 11:06:00,3240.0,12558.4284920604,37,36,51,4,40260.0
27-N1-12-B-112000,N1,27_SEMAINE,0,POLE JULES VERNE,Etouvie Quai A,Pôle J. Verne,40800,43980,2026-04-08 11:20:00,2026-04-08 12:13:00,3180.0,12337.786655320606,35,34,62,4,44280.0
27-N1-12-B-122600,N1,27_SEMAINE,1,ETOUVIE,Pôle J. Verne,Etouvie Quai A,44760,48180,2026-04-08 12:26:00,2026-04-08 13:23:00,3420.0,12558.4284920604,37,36,73,4,48480.0
27-N1-12-B-133700,N1,27_SEMAINE,0,POLE JULES VERNE,Etouvie Quai A,Pôle J. Verne,49020,52140,2026-04-08 13:37:00,2026-04-08 14:29:00,3120.0,12337.786655320606,35,34,84,4,52440.0
27-N1-12-B-144000,N1,27_SEMAINE,1,ETOUVIE,Pôle J. Verne,Etouvie Quai A,52800,56100,2026-04-08 14:40:00,2026-04-08 15:35:00,3300.0,12558.4284920604,37,36,95,4,56400.0
27-N1-12-B-154800,N1,27_SEMAINE,0,POLE JULES VERNE,Etouvie Quai A,Pôle J. Verne,56880,60060,2026-04-08 15:48:00,2026-04-08 16:41:00,3180.0,12337.786655320606,35,34,106,4,60360.0
27-N1-12-B-165100,N1,27_SEMAINE,1,ETOUVIE,Pôle J. Verne,Etouvie Quai A,60660,64560,2026-04-08 16:51:00,2026-04-08 17:56:00,3900.0,12558.4284920604,37,36,117,4,64860.0
27-N1-12-B-180600,N1,27_SEMAINE,0,POLE JULES VERNE,Etouvie Quai A,Pôle J. Verne,65160,68280,2026-04-08 18:06:00,2026-04-08 18:58:00,3120.0,12337.786655320606,35,34,128,4,68580.0
27-N1-16-B-193700,N1,27_SEMAINE,1,ETOUVIE,Pôle J. Verne,Etouvie Quai A,70620,73560,2026-04-08 19:37:00,2026-04-08 20:26:00,2940.0,12558.4284920604,37,36,139,4,73860.0
27-N1-18-B-223200,N1,27_SEMAINE,0,POLE JULES VERNE,Etouvie Quai A,Pôle J. Verne,81120,83580,2026-04-08 22:32:00,2026-04-08 23:13:00,2460.0,12337.786655320606,35,34,150,4,83880.0
27-N1-2-B-053900,N1,27_SEMAINE,0,POLE JULES VERNE,Etouvie Quai A,Pôle J. Verne,20340,23160,2026-04-08 05:39:00,2026-04-08 06:26:00,2820.0,12337.786655320606,35,34,9,5,23460.0
27-N1-5-B-063301,N1,27_SEMAINE,0,POLE JULES VERNE,Etouvie Quai A,Pôle J. Verne,23581,26520,2026-04-08 06:33:01,2026-04-08 07:22:00,2939.0,12337.786655320606,35,34,15,5,26820.0
27-N1-5-B-073100,N1,27_SEMAINE,1,ETOUVIE,Pôle J. Verne,Etouvie Quai A,27060,30600,2026-04-08 07:31:00,2026-04-08 08:30:00,3540.0,12558.4284920604,37,36,25,5,30900.0
27-N1-5-B-083900,N1,27_SEMAINE,0,POLE JULES VERNE,Etouvie Quai A,Pôle J. Verne,31140,34440,2026-04-08 08:39:00,2026-04-08 09:34:00,3300.0,12337.786655320606,35,34,36,5,34740.0
27-N1-5-B-094800,N1,27_SEMAINE,1,ETOUVIE,Pôle J. Verne,Etouvie Quai A,35280,38580,2026-04-08 09:48:00,2026-04-08 10:43:00,3300.0,12558.4284920604,37,36,47,5,38880.0
27-N1-5-B-105800,N1,27_SEMAINE,0,POLE JULES VERNE,Etouvie Quai A,Pôle J. Verne,39480,42480,2026-04-08 10:58:00,2026-04-08 11:48:00,3000.0,12337.786655320606,35,34,58,5,42780.0
27-N1-5-B-120100,N1,27_SEMAINE,1,ETOUVIE,Pôle J. Verne,Etouvie Quai A,43260,46680,2026-04-08 12:01:00,2026-04-08 12:58:00,3420.0,12558.4284920604,37,36,69,5,46980.0
27-N1-5-B-131200,N1,27_SEMAINE,0,POLE JULES VERNE,Etouvie Quai A,Pôle J. Verne,47520,50700,2026-04-08 13:12:00,2026-04-08 14:05:00,3180.0,12337.786655320606,35,34,80,5,51000.0
27-N1-5-B-141600,N1,27_SEMAINE,1,ETOUVIE,Pôle J. Verne,Etouvie Quai A,51360,54660,2026-04-08 14:16:00,2026-04-08 15:11:00,3300.0,12558.4284920604,37,36,91,5,54960.0
27-N1-5-B-152400,N1,27_SEMAINE,0,POLE JULES VERNE,Etouvie Quai A,Pôle J. Verne,55440,58740,2026-04-08 15:24:00,2026-04-08 16:19:00,3300.0,12337.786655320606,35,34,102,5,59040.0
27-N1-5-B-162800,N1,27_SEMAINE,1,ETOUVIE,Pôle J. Verne,Etouvie Quai A,59280,63000,2026-04-08 16:28:00,2026-04-08 17:30:00,3720.0,12558.4284920604,37,36,113,5,63300.0
27-N1-5-B-173800,N1,27_SEMAINE,0,POLE JULES VERNE,Etouvie Quai A,Pôle J. Verne,63480,66900,2026-04-08 17:38:00,2026-04-08 18:35:00,3420.0,12337.786655320606,35,34,124,5,67200.0
27-N1-6-B-185600,N1,27_SEMAINE,1,ETOUVIE,Pôle J. Verne,Etouvie Quai A,68160,71400,2026-04-08 18:56:00,2026-04-08 19:50:00,3240.0,12558.4284920604,37,36,135,5,71700.0
27-N1-11-B-212600,N1,27_SEMAINE,0,POLE JULES VERNE,Etouvie Quai A,Pôle J. Verne,77160,79680,2026-04-08 21:26:00,2026-04-08 22:08:00,2520.0,12337.786655320606,35,34,146,5,79980.0
27-N1-3-B-062801,N1,27_SEMAINE,1,ETOUVIE,Pôle J. Verne,Etouvie Quai A,23281,26220,2026-04-08 06:28:01,2026-04-08 07:17:00,2939.0,12558.4284920604,37,36,14,6,26520.0
27-N1-3-B-072800,N1,27_SEMAINE,0,POLE JULES VERNE,Etouvie Quai A,Pôle J. Verne,26880,30240,2026-04-08 07:28:00,2026-04-08 08:24:00,3360.0,12337.786655320606,35,34,24,6,30540.0
27-N1-3-B-083200,N1,27_SEMAINE,1,ETOUVIE,Pôle J. Verne,Etouvie Quai A,30720,34260,2026-04-08 08:32:00,2026-04-08 09:31:00,3540.0,12558.4284920604,37,36,35,6,34560.0
27-N1-3-B-094400,N1,27_SEMAINE,0,POLE JULES VERNE,Etouvie Quai A,Pôle J. Verne,35040,38160,2026-04-08 09:44:00,2026-04-08 10:36:00,3120.0,12337.786655320606,35,34,46,6,38460.0
27-N1-3-B-104700,N1,27_SEMAINE,1,ETOUVIE,Pôle J. Verne,Etouvie Quai A,38820,42120,2026-04-08 10:47:00,2026-04-08 11:42:00,3300.0,12558.4284920604,37,36,57,6,42420.0
27-N1-3-B-115900,N1,27_SEMAINE,0,POLE JULES VERNE,Etouvie Quai A,Pôle J. Verne,43140,46320,2026-04-08 11:59:00,2026-04-08 12:52:00,3180.0,12337.786655320606,35,34,68,6,46620.0
27-N1-3-B-130300,N1,27_SEMAINE,1,ETOUVIE,Pôle J. Verne,Etouvie Quai A,46980,50280,2026-04-08 13:03:00,2026-04-08 13:58:00,3300.0,12558.4284920604,37,36,79,6,50580.0
27-N1-3-B-141500,N1,27_SEMAINE,0,POLE JULES VERNE,Etouvie Quai A,Pôle J. Verne,51300,54420,2026-04-08 14:15:00,2026-04-08 15:07:00,3120.0,12337.786655320606,35,34,90,6,54720.0
27-N1-3-B-151500,N1,27_SEMAINE,1,ETOUVIE,Pôle J. Verne,Etouvie Quai A,54900,58320,2026-04-08 15:15:00,2026-04-08 16:12:00,3420.0,12558.4284920604,37,36,101,6,58620.0
27-N1-3-B-162100,N1,27_SEMAINE,0,POLE JULES VERNE,Etouvie Quai A,Pôle J. Verne,58860,62460,2026-04-08 16:21:00,2026-04-08 17:21:00,3600.0,12337.786655320606,35,34,112,6,62760.0
27-N1-3-B-173000,N1,27_SEMAINE,1,ETOUVIE,Pôle J. Verne,Etouvie Quai A,63000,66780,2026-04-08 17:30:00,2026-04-08 18:33:00,3780.0,12558.4284920604,37,36,123,6,67080.0
27-N1-17-B-185300,N1,27_SEMAINE,0,POLE JULES VERNE,Etouvie Quai A,Pôle J. Verne,67980,71040,2026-04-08 18:53:00,2026-04-08 19:44:00,3060.0,12337.786655320606,35,34,134,6,71340.0
27-N1-17-B-205600,N1,27_SEMAINE,0,POLE JULES VERNE,Etouvie Quai A,Pôle J. Verne,75360,78000,2026-04-08 20:56:00,2026-04-08 21:40:00,2640.0,12337.786655320606,35,34,145,6,78300.0
27-N1-10-B-064701,N1,27_SEMAINE,1,ETOUVIE,Pôle J. Verne,Etouvie Quai A,24421,27480,2026-04-08 06:47:01,2026-04-08 07:38:00,3059.0,12558.4284920604,37,36,17,7,27780.0
27-N1-6-B-074300,N1,27_SEMAINE,1,ETOUVIE,Pôle J. Verne,Etouvie Quai A,27780,31380,2026-04-08 07:43:00,2026-04-08 08:43:00,3600.0,12558.4284920604,37,36,27,7,31680.0
27-N1-6-B-085300,N1,27_SEMAINE,0,POLE JULES VERNE,Etouvie Quai A,Pôle J. Verne,31980,35160,2026-04-08 08:53:00,2026-04-08 09:46:00,3180.0,12337.786655320606,35,34,38,7,35460.0
27-N1-6-B-100000,N1,27_SEMAINE,1,ETOUVIE,Pôle J. Verne,Etouvie Quai A,36000,39300,2026-04-08 10:00:00,2026-04-08 10:55:00,3300.0,12558.4284920604,37,36,49,7,39600.0
27-N1-6-B-111000,N1,27_SEMAINE,0,POLE JULES VERNE,Etouvie Quai A,Pôle J. Verne,40200,43200,2026-04-08 11:10:00,2026-04-08 12:00:00,3000.0,12337.786655320606,35,34,60,7,43500.0
27-N1-6-B-121400,N1,27_SEMAINE,1,ETOUVIE,Pôle J. Verne,Etouvie Quai A,44040,47460,2026-04-08 12:14:00,2026-04-08 13:11:00,3420.0,12558.4284920604,37,36,71,7,47760.0
27-N1-6-B-132500,N1,27_SEMAINE,0,POLE JULES VERNE,Etouvie Quai A,Pôle J. Verne,48300,51420,2026-04-08 13:25:00,2026-04-08 14:17:00,3120.0,12337.786655320606,35,34,82,7,51720.0
27-N1-6-B-142800,N1,27_SEMAINE,1,ETOUVIE,Pôle J. Verne,Etouvie Quai A,52080,55380,2026-04-08 14:28:00,2026-04-08 15:23:00,3300.0,12558.4284920604,37,36,93,7,55680.0
27-N1-6-B-153600,N1,27_SEMAINE,0,POLE JULES VERNE,Etouvie Quai A,Pôle J. Verne,56160,59520,2026-04-08 15:36:00,2026-04-08 16:32:00,3360.0,12337.786655320606,35,34,104,7,59820.0
27-N1-6-B-163900,N1,27_SEMAINE,1,ETOUVIE,Pôle J. Verne,Etouvie Quai A,59940,63780,2026-04-08 16:39:00,2026-04-08 17:43:00,3840.0,12558.4284920604,37,36,115,7,64080.0
27-N1-6-B-175300,N1,27_SEMAINE,0,POLE JULES VERNE,Etouvie Quai A,Pôle J. Verne,64380,67560,2026-04-08 17:53:00,2026-04-08 18:46:00,3180.0,12337.786655320606,35,34,126,7,67860.0
27-N1-13-B-191700,N1,27_SEMAINE,1,ETOUVIE,Pôle J. Verne,Etouvie Quai A,69420,72540,2026-04-08 19:17:00,2026-04-08 20:09:00,3120.0,12558.4284920604,37,36,137,7,72840.0
27-N1-7-B-215200,N1,27_SEMAINE,0,POLE JULES VERNE,Etouvie Quai A,Pôle J. Verne,78720,81180,2026-04-08 21:52:00,2026-04-08 22:33:00,2460.0,12337.786655320606,35,34,148,7,81480.0
27-N1-1-B-065800,N1,27_SEMAINE,1,ETOUVIE,Pôle J. Verne,Etouvie Quai A,25080,28320,2026-04-08 06:58:00,2026-04-08 07:52:00,3240.0,12558.4284920604,37,36,19,8,28620.0
27-N1-1-B-080300,N1,27_SEMAINE,0,POLE JULES VERNE,Etouvie Quai A,Pôle J. Verne,28980,32340,2026-04-08 08:03:00,2026-04-08 08:59:00,3360.0,12337.786655320606,35,34,30,8,32640.0
27-N1-1-B-091100,N1,27_SEMAINE,1,ETOUVIE,Pôle J. Verne,Etouvie Quai A,33060,36360,2026-04-08 09:11:00,2026-04-08 10:06:00,3300.0,12558.4284920604,37,36,41,8,36660.0
27-N1-1-B-102100,N1,27_SEMAINE,0,POLE JULES VERNE,Etouvie Quai A,Pôle J. Verne,37260,40320,2026-04-08 10:21:00,2026-04-08 11:12:00,3060.0,12337.786655320606,35,34,52,8,40620.0
27-N1-1-B-112500,N1,27_SEMAINE,1,ETOUVIE,Pôle J. Verne,Etouvie Quai A,41100,44460,2026-04-08 11:25:00,2026-04-08 12:21:00,3360.0,12558.4284920604,37,36,63,8,44760.0
27-N1-1-B-123500,N1,27_SEMAINE,0,POLE JULES VERNE,Etouvie Quai A,Pôle J. Verne,45300,48480,2026-04-08 12:35:00,2026-04-08 13:28:00,3180.0,12337.786655320606,35,34,74,8,48780.0
27-N1-1-B-134000,N1,27_SEMAINE,1,ETOUVIE,Pôle J. Verne,Etouvie Quai A,49200,52500,2026-04-08 13:40:00,2026-04-08 14:35:00,3300.0,12558.4284920604,37,36,85,8,52800.0
27-N1-1-B-145000,N1,27_SEMAINE,0,POLE JULES VERNE,Etouvie Quai A,Pôle J. Verne,53400,56580,2026-04-08 14:50:00,2026-04-08 15:43:00,3180.0,12337.786655320606,35,34,96,8,56880.0
27-N1-1-B-155200,N1,27_SEMAINE,1,ETOUVIE,Pôle J. Verne,Etouvie Quai A,57120,60600,2026-04-08 15:52:00,2026-04-08 16:50:00,3480.0,12558.4284920604,37,36,107,8,60900.0
27-N1-1-B-170000,N1,27_SEMAINE,0,POLE JULES VERNE,Etouvie Quai A,Pôle J. Verne,61200,64620,2026-04-08 17:00:00,2026-04-08 17:57:00,3420.0,12337.786655320606,35,34,118,8,64920.0
27-N1-1-B-180600,N1,27_SEMAINE,1,ETOUVIE,Pôle J. Verne,Etouvie Quai A,65160,68640,2026-04-08 18:06:00,2026-04-08 19:04:00,3480.0,12558.4284920604,37,36,129,8,68940.0
27-N1-17-B-195800,N1,27_SEMAINE,1,ETOUVIE,Pôle J. Verne,Etouvie Quai A,71880,74760,2026-04-08 19:58:00,2026-04-08 20:46:00,2880.0,12558.4284920604,37,36,140,8,75060.0
27-N1-11-B-233700,N1,27_SEMAINE,0,POLE JULES VERNE,Etouvie Quai A,Pôle J. Verne,85020,87660,2026-04-08 23:37:00,2026-04-09 00:21:00,2640.0,12337.786655320606,35,34,152,8,87960.0
27-N1-14-B-070901,N1,27_SEMAINE,1,ETOUVIE,Pôle J. Verne,Etouvie Quai A,25741,29100,2026-04-08 07:09:01,2026-04-08 08:05:00,3359.0,12558.4284920604,37,36,21,9,29400.0
27-N1-14-B-081500,N1,27_SEMAINE,0,POLE JULES VERNE,Etouvie Quai A,Pôle J. Verne,29700,33060,2026-04-08 08:15:00,2026-04-08 09:11:00,3360.0,12337.786655320606,35,34,32,9,33360.0
27-N1-14-B-092300,N1,27_SEMAINE,1,ETOUVIE,Pôle J. Verne,Etouvie Quai A,33780,37080,2026-04-08 09:23:00,2026-04-08 10:18:00,3300.0,12558.4284920604,37,36,43,9,37380.0
27-N1-14-B-103300,N1,27_SEMAINE,0,POLE JULES VERNE,Etouvie Quai A,Pôle J. Verne,37980,41040,2026-04-08 10:33:00,2026-04-08 11:24:00,3060.0,12337.786655320606,35,34,54,9,41340.0
27-N1-14-B-113700,N1,27_SEMAINE,1,ETOUVIE,Pôle J. Verne,Etouvie Quai A,41820,45240,2026-04-08 11:37:00,2026-04-08 12:34:00,3420.0,12558.4284920604,37,36,65,9,45540.0
27-N1-14-B-124800,N1,27_SEMAINE,0,POLE JULES VERNE,Etouvie Quai A,Pôle J. Verne,46080,49260,2026-04-08 12:48:00,2026-04-08 13:41:00,3180.0,12337.786655320606,35,34,76,9,49560.0
27-N1-14-B-135200,N1,27_SEMAINE,1,ETOUVIE,Pôle J. Verne,Etouvie Quai A,49920,53220,2026-04-08 13:52:00,2026-04-08 14:47:00,3300.0,12558.4284920604,37,36,87,9,53520.0
27-N1-14-B-150000,N1,27_SEMAINE,0,POLE JULES VERNE,Etouvie Quai A,Pôle J. Verne,54000,57300,2026-04-08 15:00:00,2026-04-08 15:55:00,3300.0,12337.786655320606,35,34,98,9,57600.0
27-N1-14-B-160300,N1,27_SEMAINE,1,ETOUVIE,Pôle J. Verne,Etouvie Quai A,57780,61320,2026-04-08 16:03:00,2026-04-08 17:02:00,3540.0,12558.4284920604,37,36,109,9,61620.0
27-N1-14-B-171100,N1,27_SEMAINE,0,POLE JULES VERNE,Etouvie Quai A,Pôle J. Verne,61860,65340,2026-04-08 17:11:00,2026-04-08 18:09:00,3480.0,12337.786655320606,35,34,120,9,65640.0
27-N1-14-B-182000,N1,27_SEMAINE,1,ETOUVIE,Pôle J. Verne,Etouvie Quai A,66000,69420,2026-04-08 18:20:00,2026-04-08 19:17:00,3420.0,12558.4284920604,37,36,131,9,69720.0
27-N1-11-B-202300,N1,27_SEMAINE,1,ETOUVIE,Pôle J. Verne,Etouvie Quai A,73380,76200,2026-04-08 20:23:00,2026-04-08 21:10:00,2820.0,12558.4284920604,37,36,142,9,76500.0
27-N1-18-B-235100,N1,27_SEMAINE,1,ETOUVIE,Pôle J. Verne,Etouvie Quai A,85860,88380,2026-04-08 23:51:00,2026-04-09 00:33:00,2520.0,12558.4284920604,37,36,153,9,88680.0
27-N1-15-B-071901,N1,27_SEMAINE,1,ETOUVIE,Pôle J. Verne,Etouvie Quai A,26341,29880,2026-04-08 07:19:01,2026-04-08 08:18:00,3539.0,12558.4284920604,37,36,23,10,30180.0
27-N1-15-B-082700,N1,27_SEMAINE,0,POLE JULES VERNE,Etouvie Quai A,Pôle J. Verne,30420,33720,2026-04-08 08:27:00,2026-04-08 09:22:00,3300.0,12337.786655320606,35,34,34,10,34020.0
27-N1-15-B-093500,N1,27_SEMAINE,1,ETOUVIE,Pôle J. Verne,Etouvie Quai A,34500,37800,2026-04-08 09:35:00,2026-04-08 10:30:00,3300.0,12558.4284920604,37,36,45,10,38100.0
27-N1-15-B-104600,N1,27_SEMAINE,0,POLE JULES VERNE,Etouvie Quai A,Pôle J. Verne,38760,41760,2026-04-08 10:46:00,2026-04-08 11:36:00,3000.0,12337.786655320606,35,34,56,10,42060.0
27-N1-15-B-114900,N1,27_SEMAINE,1,ETOUVIE,Pôle J. Verne,Etouvie Quai A,42540,45960,2026-04-08 11:49:00,2026-04-08 12:46:00,3420.0,12558.4284920604,37,36,67,10,46260.0
27-N1-15-B-130000,N1,27_SEMAINE,0,POLE JULES VERNE,Etouvie Quai A,Pôle J. Verne,46800,49980,2026-04-08 13:00:00,2026-04-08 13:53:00,3180.0,12337.786655320606,35,34,78,10,50280.0
27-N1-15-B-140400,N1,27_SEMAINE,1,ETOUVIE,Pôle J. Verne,Etouvie Quai A,50640,53940,2026-04-08 14:04:00,2026-04-08 14:59:00,3300.0,12558.4284920604,37,36,89,10,54240.0
27-N1-15-B-151100,N1,27_SEMAINE,0,POLE JULES VERNE,Etouvie Quai A,Pôle J. Verne,54660,58020,2026-04-08 15:11:00,2026-04-08 16:07:00,3360.0,12337.786655320606,35,34,100,10,58320.0
27-N1-15-B-161600,N1,27_SEMAINE,1,ETOUVIE,Pôle J. Verne,Etouvie Quai A,58560,62100,2026-04-08 16:16:00,2026-04-08 17:15:00,3540.0,12558.4284920604,37,36,111,10,62400.0
27-N1-15-B-172500,N1,27_SEMAINE,0,POLE JULES VERNE,Etouvie Quai A,Pôle J. Verne,62700,66180,2026-04-08 17:25:00,2026-04-08 18:23:00,3480.0,12337.786655320606,35,34,122,10,66480.0
27-N1-15-B-183500,N1,27_SEMAINE,1,ETOUVIE,Pôle J. Verne,Etouvie Quai A,66900,70260,2026-04-08 18:35:00,2026-04-08 19:31:00,3360.0,12558.4284920604,37,36,133,10,70560.0
27-N1-14-B-203800,N1,27_SEMAINE,1,ETOUVIE,Pôle J. Verne,Etouvie Quai A,74280,77100,2026-04-08 20:38:00,2026-04-08 21:25:00,2820.0,12558.4284920604,37,36,144,10,77400.0
27-N1-10-B-075100,N1,27_SEMAINE,0,POLE JULES VERNE,Etouvie Quai A,Pôle J. Verne,28260,31740,2026-04-08 07:51:00,2026-04-08 08:49:00,3480.0,12337.786655320606,35,34,28,11,32040.0
27-N1-10-B-085900,N1,27_SEMAINE,1,ETOUVIE,Pôle J. Verne,Etouvie Quai A,32340,35640,2026-04-08 08:59:00,2026-04-08 09:54:00,3300.0,12558.4284920604,37,36,39,11,35940.0
27-N1-10-B-100900,N1,27_SEMAINE,0,POLE JULES VERNE,Etouvie Quai A,Pôle J. Verne,36540,39600,2026-04-08 10:09:00,2026-04-08 11:00:00,3060.0,12337.786655320606,35,34,50,11,39900.0
27-N1-10-B-111300,N1,27_SEMAINE,1,ETOUVIE,Pôle J. Verne,Etouvie Quai A,40380,43740,2026-04-08 11:13:00,2026-04-08 12:09:00,3360.0,12558.4284920604,37,36,61,11,44040.0
27-N1-10-B-122300,N1,27_SEMAINE,0,POLE JULES VERNE,Etouvie Quai A,Pôle J. Verne,44580,47760,2026-04-08 12:23:00,2026-04-08 13:16:00,3180.0,12337.786655320606,35,34,72,11,48060.0
27-N1-10-B-132800,N1,27_SEMAINE,1,ETOUVIE,Pôle J. Verne,Etouvie Quai A,48480,51780,2026-04-08 13:28:00,2026-04-08 14:23:00,3300.0,12558.4284920604,37,36,83,11,52080.0
27-N1-10-B-143900,N1,27_SEMAINE,0,POLE JULES VERNE,Etouvie Quai A,Pôle J. Verne,52740,55860,2026-04-08 14:39:00,2026-04-08 15:31:00,3120.0,12337.786655320606,35,34,94,11,56160.0
27-N1-10-B-153900,N1,27_SEMAINE,1,ETOUVIE,Pôle J. Verne,Etouvie Quai A,56340,59880,2026-04-08 15:39:00,2026-04-08 16:38:00,3540.0,12558.4284920604,37,36,105,11,60180.0
27-N1-10-B-164600,N1,27_SEMAINE,0,POLE JULES VERNE,Etouvie Quai A,Pôle J. Verne,60360,63900,2026-04-08 16:46:00,2026-04-08 17:45:00,3540.0,12337.786655320606,35,34,116,11,64200.0
27-N1-10-B-175400,N1,27_SEMAINE,1,ETOUVIE,Pôle J. Verne,Etouvie Quai A,64440,67920,2026-04-08 17:54:00,2026-04-08 18:52:00,3480.0,12558.4284920604,37,36,127,11,68220.0
27-N1-14-B-193500,N1,27_SEMAINE,0,POLE JULES VERNE,Etouvie Quai A,Pôle J. Verne,70500,73260,2026-04-08 19:35:00,2026-04-08 20:21:00,2760.0,12337.786655320606,35,34,138,11,73560.0
27-N1-11-B-221100,N1,27_SEMAINE,1,ETOUVIE,Pôle J. Verne,Etouvie Quai A,79860,82440,2026-04-08 22:11:00,2026-04-08 22:54:00,2580.0,12558.4284920604,37,36,149,11,82740.0
